{
    "data":[
        {"x":200, "y":545},
        {"x":440, "y":545},
        {"x":110, "y":305},
        {"x":530, "y":305},
        {"x":320, "y":150}
    ],
    "block":[
        {"x":320, "y":270},
        {"x":220, "y":340},
        {"x":270, "y":300},
        {"x":320, "y":330},
        {"x":370, "y":300},
        {"x":420, "y":340},
        {"x":265, "y":380},
        {"x":375, "y":380},
        {"x":320, "y":430},
        {"x":220, "y":420},
        {"x":420, "y":420},
        {"x":270, "y":460},
        {"x":370, "y":460},
        {"x":320, "y":500},

        {"x":320, "y":380}
    ],
    "dis":[
        {"x":-30,"y":-30},
        {"x":35,"y":-15},
        {"x":-3,"y":40}
    ],
    "lv1":[
        {"ts":1, "ms":2},
        {"ts":1, "ms":3},
        {"ts":1, "ms":4},
        {"ts":1, "ms":5},
        {"ts":1, "ms":10}
    ],
    "lv2":[
        {"ts":1, "ms":2},
        {"ts":1, "ms":3},
        {"ts":1, "ms":6},
        {"ts":1, "ms":7},
        {"ts":1, "ms":10}
    ],
    "lv3":[
        {"ts":1, "ms":2},
        {"ts":2, "ms":3},
        {"ts":3, "ms":4},
        {"ts":5, "ms":7},
        {"ts":3, "ms":10}
    ],
    "lv4":[
        {"ts":2, "ms":3},
        {"ts":2, "ms":5},
        {"ts":2, "ms":7},
        {"ts":2, "ms":9},
        {"ts":3, "ms":4}
    ],
    "lv5":[
        {"ts":2, "ms":3},
        {"ts":3, "ms":4},
        {"ts":4, "ms":5},
        {"ts":5, "ms":6},
        {"ts":6, "ms":7}
    ],
    "lv6":[
        {"ts":2, "ms":5},
        {"ts":2, "ms":7},
        {"ts":3, "ms":5},
        {"ts":3, "ms":7},
        {"ts":3, "ms":10}
    ],
    "lv7":[
        {"ts":3, "ms":5},
        {"ts":2, "ms":3},
        {"ts":3, "ms":4},
        {"ts":5, "ms":7},
        {"ts":3, "ms":10}
    ],
    "lv8":[
        {"ts":4, "ms":5},
        {"ts":4, "ms":7},
        {"ts":4, "ms":9},
        {"ts":5, "ms":7},
        {"ts":5, "ms":8}
    ],
    "lv9":[
        {"ts":5, "ms":7},
        {"ts":5, "ms":8},
        {"ts":5, "ms":9},
        {"ts":6, "ms":7},
        {"ts":6, "ms":10}
    ],
    "lv10":[
        {"ts":7, "ms":8},
        {"ts":7, "ms":9},
        {"ts":7, "ms":10},
        {"ts":8, "ms":9},
        {"ts":9, "ms":10}
    ]
}
