{
 "map":[
     {"x": 639, "y":471},
     {"x": 740, "y":469},
     {"x": 832, "y":486},
     {"x": 923, "y":503},
     {"x": 1012, "y":503},
     {"x": 1100, "y":503},
     {"x": 1200, "y":503},
     {"x": 1208, "y":615},
     {"x": 1208, "y":810},
     {"x": 1102, "y":860},
     {"x": 1002, "y":854},
     {"x": 1010, "y":754},
     {"x": 1020, "y":656},
     {"x": 918, "y":628},
     {"x": 826, "y":594},
     {"x": 740, "y":595},
     {"x": 648, "y":613},
     {"x": 562, "y":629},
     {"x": 451, "y":555},
     {"x": 348, "y":559},
     {"x": 257, "y":515},
     {"x": 170, "y":492},
     {"x": 80, "y":494},
     {"x": 82, "y":555},
     {"x": 168, "y":573},
     {"x": 262, "y":593},
     {"x": 262, "y":645},
     {"x": 165, "y":656},
     {"x": 154, "y":800},
     {"x": 100, "y":943},
     {"x": 70, "y":1030},
     {"x": 50, "y":1127},
     {"x": 53, "y":1206},
     {"x": 118, "y":1206},
     {"x": 118, "y":1123},
     {"x": 177, "y":1123},
     {"x": 179, "y":1204},
     {"x": 244, "y":1204},
     {"x": 257, "y":1114},
     {"x": 366, "y":1204},
     {"x": 476, "y":1093},
     {"x": 557, "y":1071},
     {"x": 652, "y":1057},
     {"x": 738, "y":1035},
     {"x": 849, "y":1042},
     {"x": 1106, "y":1027},
     {"x": 1200, "y":1010},
     {"x": 1195, "y":1105},
     {"x": 1177, "y":1216},
     {"x": 1117, "y":1216},
     {"x": 1117, "y":1140},
     {"x": 1054, "y":1140},
     {"x": 1054, "y":1222},
     {"x": 986, "y":1212},
     {"x": 978, "y":1139},
     {"x": 878, "y":1148},
     {"x": 785, "y":1160},
     {"x": 702, "y":1189},
     {"x": 596, "y":1212},
     {"x": 300, "y":880},
     {"x": 336, "y":971}
 ]
}
